{"cameraMode":{"drawMode":0,"name":"Shaded","section":"Shading Mode"},"sceneLighting":false,"audioPlay":false,"sceneViewState":{"showFog":true,"showMaterialUpdate":false,"showSkybox":false,"showFlares":true,"showImageEffects":true,"showParticleSystems":true,"showVisualEffectGraphs":true,"m_FxEnabled":true},"in2DMode":false,"pivot":{"x":-0.8583800196647644,"y":0.8414591550827026,"z":1.8833686113357545},"rotation":{"x":0.0014944026479497553,"y":-0.0862906351685524,"z":0.0001294362882617861,"w":0.9962690472602844},"size":2.5142126083374025,"orthographic":false}