{"cameraMode":{"drawMode":0,"name":"Shaded","section":"Shading Mode"},"sceneLighting":false,"audioPlay":false,"sceneViewState":{"showFog":true,"showMaterialUpdate":false,"showSkybox":false,"showFlares":true,"showImageEffects":true,"showParticleSystems":true,"showVisualEffectGraphs":true,"m_FxEnabled":true},"in2DMode":false,"pivot":{"x":1.8536756038665772,"y":0.46331316232681277,"z":0.3031473755836487},"rotation":{"x":0.2999582290649414,"y":-0.06575586646795273,"z":0.02072865143418312,"w":0.9514600038528442},"size":0.7142128944396973,"orthographic":false}