{"cameraMode":{"drawMode":0,"name":"Shaded","section":"Shading Mode"},"sceneLighting":true,"audioPlay":false,"sceneViewState":{"showFog":true,"showMaterialUpdate":false,"showSkybox":true,"showFlares":true,"showImageEffects":true,"showParticleSystems":true,"showVisualEffectGraphs":true,"m_FxEnabled":true},"in2DMode":false,"pivot":{"x":6.344383239746094,"y":-61.648460388183597,"z":49.364830017089847},"rotation":{"x":-0.45534348487854006,"y":-0.012822120450437069,"z":0.006558628287166357,"w":-0.8902013301849365},"size":44.397560119628909,"orthographic":false}